{"best_fitness_per_gen": [35.10463102757815, 43.36167073174815, 41.50035674833205, 54.457787999881106, 42.55130120427013, 49.26298117531891, 42.64075567161546, 42.583569290173216, 42.71658790048798, 43.02070075268807, 54.669194192513515, 48.73948552119097, 55.08423497505315, 48.7345322316402, 42.7219229578879, 49.15897205382214, 48.80401358044186, 52.25888105348767, 48.79907791548965, 52.40984405827385, 48.77296576910442, 49.15531721642701, 61.04062506017925, 48.808928051395455, 64.47262557091426, 43.53107107209545, 48.10502908055669, 43.17569980507362, 48.80401358044186, 46.87353698914957, 50.950826888134785, 54.87610139918614, 48.7725484912446, 55.23462368935748, 56.99205288729461, 54.8928893681224, 48.9501102992314, 55.580352686232985, 70.06322057734093, 80.34117450199301, 67.48604384037822, 89.07631838276691, 79.81551485280208, 74.11564645135635, 79.63424868960487, 89.4282864983235, 79.95381106268916, 79.94340921398968, 74.13507184906257, 79.19753301081964, 74.77247785140817, 80.31021223518472, 79.89851485251558, 87.86702237992729, 79.55730414911083, 74.9176737533026, 74.19961637993833, 86.28924961187712, 73.83998187520103, 80.20303760479457, 90.17638098988428, 87.9320857645222, 80.26656038671302, 91.06493958552882, 74.44044346444453, 79.97410738605983, 79.9847503450797, 89.5387084337599, 89.66386615488457, 74.2217469601876], "mean_fitness_per_gen": [-4.274690162648683, 1.940209472617336, 2.2407677373929658, 7.517193000122453, 10.827385755465308, 15.849631731005486, 20.03775846646059, 28.282287906830234, 30.511381470697646, 29.173136282023414, 29.837809659253868, 36.41402545930035, 36.00874256919671, 34.771419003288344, 33.28745993262489, 37.54150619055689, 37.10171341738479, 38.28305156547369, 36.26447022329651, 37.63617673842213, 33.08320517857358, 31.242480763616964, 37.39371284994776, 35.47046864758585, 37.15904745286541, 34.78528236564971, 35.44451374433053, 36.710890129111334, 34.606838016460095, 35.82900550967158, 34.44591275245425, 37.47314030726648, 36.53993471319458, 33.41734095007631, 36.33732478969612, 34.721269843741695, 35.47270135272633, 33.82187604296608, 35.18495169306638, 36.14165379304663, 34.73045377816046, 37.316459250634594, 37.24678525516767, 38.42752930283815, 38.3242193250738, 37.55634867070085, 35.51891475801294, 35.267023831839204, 34.387723090537605, 35.95265416898249, 34.20114461415083, 34.937069485344175, 35.22340714284314, 37.6282642888053, 37.397544819921706, 38.37395738698533, 38.22018201498052, 37.42949975114476, 33.78259146757445, 38.724645838197965, 39.6836859555821, 41.28738071692332, 40.11013468185977, 39.87223431973836, 39.28218464096888, 44.65001464455243, 39.36167513017836, 45.93389665402651, 41.6704361838094, 39.71925728233316]}