{"best_fitness_per_gen": [12.696898873387747, 38.587290097521404, 30.286987933293293, 46.672263395779126, 46.86443750438579, 55.87126431853565, 69.91626383963988, 50.41099448918787, 61.085709283991164, 55.887219896891445, 61.144851950277214, 65.87754061719838, 65.84831932897146, 69.85199268854322, 69.89301660876191, 69.87471250786683, 69.93856525420337, 65.83508346787258, 69.83012281208225, 69.83564713952877, 65.87784727180949, 65.90724176170285, 58.653726248145986, 65.889646626996, 61.12922455285516, 65.92237027180263, 61.180820512823786, 65.86199960037895, 65.86532911314265, 61.06884801351941, 51.43539201340005, 61.08127099909547, 57.031152427579855, 65.94654580604436, 65.88068678180687, 61.13238734549211, 61.071318365239335, 65.89853740966458, 61.11090094623885, 55.88733331431757, 69.89243091489338, 61.103012123584314, 69.8888486240416, 64.31915902892626, 69.89684134992433, 61.154999774623114, 64.31782496973811, 65.85574895743235, 61.08739823601529, 64.28665967777364, 61.05897059633677, 66.00470039404239, 61.082410333298235, 61.1519214322587, 65.83447086045665, 61.220191642453926, 61.0828197510843, 64.4040749795351, 69.83777493620097, 64.35998680230183, 61.11062309922665, 58.62904054514441, 58.65438176889951, 65.89154306395885, 64.2674793974439, 64.24889925302071, 61.07641293525289, 64.34354014381186, 61.10232775431265, 69.81315802962926], "mean_fitness_per_gen": [-3.776965675186224, -0.09414326441704897, 1.7233000583347675, 7.199255371158609, 9.31596696640108, 15.671265320034681, 22.151187499367353, 33.217365415905704, 37.267120433946744, 32.55341205334887, 36.061655294359234, 32.93347045056134, 34.8601022443278, 34.05245860683221, 35.91836560294729, 31.87053596949552, 36.832065568403806, 35.170445510729, 32.45045387783708, 36.47468363630832, 33.86466685304649, 34.80105315233124, 35.533762168076635, 33.7516667414249, 31.290729925770833, 33.85357644719047, 28.86282493570424, 32.161352817312725, 34.10308260416607, 30.24167832390282, 33.614385870756806, 32.91627527744592, 36.16906706919823, 36.08562531013169, 31.08991654680332, 32.226900670733116, 36.12354117761557, 34.774987682718994, 31.753638996117242, 35.456425796399934, 34.62393443896043, 30.876167584524513, 34.09088182546703, 31.756339702920965, 35.75949253857744, 36.40914515878471, 35.56785781807806, 37.03657022013781, 35.12098755580589, 37.388467040628285, 33.64556374068595, 33.2320570484506, 31.152025665373248, 33.49859714644242, 34.098844522216154, 34.40680381491685, 31.084224857836727, 32.62946514389669, 31.049147568873586, 35.273147729528084, 34.32545916940989, 33.6809529259405, 34.705224847753286, 37.851999452534635, 34.86593452393759, 32.72195246110715, 30.538001835886202, 34.17760939656623, 33.68933724096666, 35.14702878240557]}