{"best_fitness_per_gen": [16.846055096054634, 21.283632141323626, 32.51267073609827, 35.99762349936104, 47.12544868323049, 58.737315333480254, 49.984440190223, 49.99410743800861, 56.930488212808896, 48.62663311207251, 42.64510982314636, 69.62744964544112, 55.56032841970257, 67.26137247788728, 79.06002435048083, 73.27953551863258, 73.05021684950755, 69.96814362441069, 69.80287716367678, 89.49203422212712, 80.55030529077547, 72.96031473042412, 79.16853020003566, 79.74332123222607, 79.60808508822706, 79.59015822468362, 80.22241819433742, 80.08096142217097, 87.85138470378564, 78.95437563192304, 89.9427340883744, 80.26518172201457, 88.69462456397302, 80.03131330706434, 86.55271421301084, 80.16099153190399, 89.56119195159971, 74.72077276548833, 88.92286977209893, 89.70413753737225, 74.0205475162072, 79.70942377984534, 88.53317387123523, 90.11193006191358, 89.81799588782702, 89.64210553457809, 89.04435453380573, 90.14413113685443, 88.03030205321512, 88.89229681314144, 86.98475386709072, 87.30797463833396, 80.34399044891772, 89.32944064157117, 89.75062640338709, 89.85853504014884, 89.94321010500218, 87.98307609831834, 88.9099254907744, 88.54980394061792, 90.18611077488676, 87.54735151658927, 89.70845962884962, 89.50006479397517, 88.50902731105505, 89.80875630013249, 89.20972745525458, 89.09572909842998, 88.30960487861991, 89.77714416826745], "mean_fitness_per_gen": [-4.926140135340077, -2.243979836739322, 1.4884940040645365, 5.621933067027083, 12.37990573777054, 14.981410905214528, 16.659923749323216, 17.4192166551718, 17.749455498429224, 23.2552614753248, 23.938827950263782, 28.879640951795224, 31.38663186828661, 32.29643048246803, 34.103827359687195, 35.14306642486801, 36.019786137574954, 37.033122509289804, 35.679108421157565, 37.54073904577076, 36.913925810835934, 41.314161364064304, 39.76992746283769, 42.1667742264352, 43.15382287845769, 40.871382275031635, 42.94912432634757, 43.769496046623814, 42.2291941697451, 44.132675256062, 45.896554086949344, 42.11804031194909, 44.25159804003666, 44.463165009239454, 44.873303964475184, 44.257683374697756, 42.42570313856361, 44.70701915451068, 44.026549655602075, 44.4442410693227, 42.978632518304465, 46.93850444312561, 47.264402619053335, 48.89671745944678, 45.15418470291531, 41.68371518564891, 47.03686810553867, 44.57235610867189, 41.34656618351315, 47.80218407993189, 45.37163246167523, 47.014154010432655, 47.82259493858603, 50.341636479115714, 47.84568552306872, 48.03419205994197, 47.782257940381776, 45.043390573107864, 51.87288514231747, 52.52657656362626, 47.54119149917219, 48.01302698678316, 48.140345808172576, 50.24584373198306, 50.69363106696649, 49.85485475448262, 52.49261423105853, 47.548260793161106, 46.1422205129342, 47.30583435621374]}