{"best_fitness_per_gen": [36.12621582551896, 42.69945019921552, 38.41299137527762, 36.36428474555981, 47.03918292627999, 50.056653393103986, 43.12138875454953, 58.51419191785541, 54.872096645887595, 61.073968990215505, 64.45467710047511, 74.07062074526303, 54.858393888384406, 61.134210593025784, 72.80017522749712, 55.13882300070463, 61.080082150732466, 61.50760946356008, 60.856522173763324, 70.0745055880781, 61.23791801651207, 64.37750376570408, 75.07926526218881, 72.64896169245874, 61.30357215118009, 69.90083870521505, 86.29016896313831, 73.15330096776266, 66.40607078095547, 64.32529991457929, 88.71640798312687, 64.52333004623051, 80.3458990368498, 73.12169487462101, 70.17004964436609, 73.40613402382236, 64.58709132153461, 75.17359929258211, 70.0358354759708, 73.30434850884512, 73.15272021869644, 69.95045400677873, 75.09883405487257, 79.82863833360271, 73.53354922571052, 64.5631589286293, 80.29994052635294, 73.8133865831203, 73.4894753195421, 79.90549663267643, 86.43616995014459, 64.54547720024513, 74.99682807606928, 79.49074901311656, 79.75533528847743, 74.87834861911927, 80.34219983091721, 87.6509271812049, 73.48373001859635, 78.72890343529478, 73.73805369401744, 65.96922629787267, 79.2957255315548, 80.28260578528361, 80.23721233339681, 74.93892118243929, 79.25893198587194, 79.39088479742605, 74.77052313759998, 79.25768793874124], "mean_fitness_per_gen": [-4.10518095630805, 0.34017464536418274, 7.906067371195244, 10.864128107598855, 11.633083512590654, 16.182652843965922, 18.316508136829626, 26.963146067851717, 30.684517194388395, 30.785346757143884, 30.907189784418186, 31.26535439230776, 31.34323619154902, 34.47331670022403, 34.79679337163691, 33.44940644203574, 37.11983068394106, 37.74666640913202, 37.61350598231322, 40.92793076513134, 38.19189590638087, 41.359424589591455, 41.339477616031125, 40.86342678423698, 41.65018474239933, 39.52758967583409, 41.41058050080576, 43.82438700819035, 41.32875235403214, 41.73692346712956, 44.08392858224787, 39.56819324794868, 39.09344915234151, 40.970331294294084, 38.422504394130954, 40.116739272516284, 38.22349764347643, 39.857959229348246, 42.425009797702934, 39.624377772555945, 39.43074422872987, 40.059695392811065, 40.19448923270227, 40.53532052119899, 40.9077779959031, 41.99180598621167, 43.579058835186444, 42.8993194099555, 42.27023674911848, 44.01288645436708, 42.94523950655609, 41.29519083798709, 44.25175831056642, 42.727904814586076, 42.42753230258154, 41.2554502844315, 43.36441963850568, 42.95455674243336, 42.97298495816033, 41.67911347776707, 44.14511042235721, 44.07908688938956, 45.409177507943596, 45.97467266897479, 44.21503176810123, 40.9508580115303, 42.49629123950799, 44.229313605100494, 43.25230775234191, 46.65504250816766]}