{"best_fitness_per_gen": [18.560541310923586, 28.132694829860885, 32.63542961764372, 38.5067831077745, 44.6385519972618, 38.88537344126534, 47.43407595299577, 44.71507345103646, 50.1389450205119, 47.22017669707731, 52.33460852691611, 48.106144646920555, 48.26815790487899, 46.94707423845074, 58.23023640233778, 61.147849996882705, 65.84504913466664, 52.273801091557104, 52.21208006978228, 45.554353443432476, 50.39155685085742, 48.04124563390925, 48.1549408984309, 63.97472232513543, 55.90636631337624, 44.763366347305535, 46.65987399077075, 50.4443101177268, 58.53291320476319, 50.74892931943087, 52.320038317201046, 52.71982662559974, 55.89692530278197, 61.17146179322652, 48.4428398475655, 52.62297540252291, 48.40703368046587, 59.97814422269636, 48.445408451286475, 52.5108004502809, 50.429772679763246, 64.32592566024951, 50.34601633393514, 69.91959654221667, 48.46712161012309, 55.820399789385725, 55.837426927629686, 69.81348263298017, 55.77625507052471, 48.02930497352466, 66.0047592263706, 58.570477164237005, 54.015974254830475, 48.40956692428027, 64.96737173206344, 48.42487668440346, 58.21825911314452, 69.84734787858775, 48.49336629335207, 48.48973528638345, 53.26374138403179, 48.427354465693654, 66.40467872406789, 64.26848201885308, 70.06459973295506, 58.37343604078083, 64.41697830312756, 52.422474916110325, 52.476956750064915, 51.38477836480814], "mean_fitness_per_gen": [-4.244483998010009, -1.149284378508724, 3.137775000968775, 5.8978267985506365, 7.632423231849987, 6.970079287995123, 9.473755302461797, 12.605747066650125, 19.008970528331133, 22.68763160157201, 27.204483891099947, 27.219329461198598, 25.30476349024002, 21.809800365610098, 28.662512621939946, 28.581334621641467, 24.926991170413775, 29.731805357587728, 26.80459174366009, 28.982502274077916, 28.521807271878156, 27.149614325727217, 26.8642227638816, 29.26934586842136, 28.506124981895024, 29.5035345793118, 29.482675418636187, 29.951182197563945, 29.429267280864455, 28.314829694712156, 31.78714891549428, 32.726117557762855, 31.4719922325677, 32.1466310997036, 29.809952972595788, 27.852638142183405, 30.743183865234904, 29.65848050751393, 32.61256190671597, 32.05626498526511, 29.295179031120828, 33.354433861316295, 30.889864624212734, 35.084601550154986, 29.277385574508727, 30.302029183190356, 30.948984757270797, 30.321585591519533, 30.339625125016152, 28.851100666999805, 33.31763971231581, 29.173085455605147, 33.858679290088986, 32.34588152618202, 31.053817872638632, 30.354535746290768, 31.047328508890136, 33.13086377388264, 35.913769128727075, 36.83697203366294, 37.157214535101744, 35.52174807250272, 35.790965242856494, 36.20833270157189, 35.53683824600699, 33.363675957628246, 34.09498907634157, 31.514720952319085, 29.2570431460113, 31.655326828872408]}