{"best_fitness_per_gen": [36.08509879116365, 35.530050423954535, 32.64835563980411, 40.305695802775496, 48.653597280742815, 43.331603972373955, 48.026184856851856, 46.91280840291243, 66.10191630613289, 61.291498092577925, 61.478516106737686, 61.46413177066684, 61.09888376656513, 55.16504865420198, 50.335851862840755, 47.014785272000395, 47.90875854365553, 61.13843016590437, 60.77011264114368, 64.47068860999356, 55.577722956990755, 58.81601592373807, 58.560972164597835, 61.56567807759697, 61.2533038643204, 61.46212061303035, 67.27624152979882, 84.63213274708265, 61.20464317199591, 60.91975971028751, 64.11176456917475, 73.01874777039372, 70.02997123406614, 73.45864813758169, 67.11120945642307, 73.41599235142108, 74.72637483195481, 69.99727285829343, 66.84155613627894, 60.94023496163251, 60.959942354193714, 61.709378634956, 74.82915538771061, 69.89536368009513, 73.7561580227298, 73.50490998219762, 73.62742422280698, 69.56457505873153, 79.30234744372609, 61.068186191031884, 61.492536930017096, 79.42219701274374, 73.79456215184382, 70.1972548708286, 89.98851404319666, 79.20589314295852, 61.24436175572019, 69.99166420023086, 66.82339139686161, 73.23834253998155, 79.69359113992199, 61.121425052764835, 73.80919881578765, 70.00383813738364, 70.10583661619654, 73.43372104030084, 62.10475484569707, 73.42869602338577, 67.70031059484636, 78.69356650640012], "mean_fitness_per_gen": [-3.2191299219253766, -0.960246000479145, 0.5686795386488271, 7.133348894379981, 14.803911639991869, 17.71583167304008, 18.930372945779535, 23.093070991789904, 25.4197490191739, 28.544678731397113, 25.68000658217421, 28.759419388355514, 29.176123883454338, 24.912216980908543, 28.366805681215318, 27.495708194142402, 28.75270467039044, 34.250841943561184, 31.074936598599844, 27.511630173395453, 28.8031458348566, 29.590251283608385, 35.40987398967904, 33.292832661974266, 39.45738200857008, 40.62938797154774, 38.72877680541325, 40.96176546140766, 39.04473408023183, 39.9595417646408, 40.87987526905191, 39.73001954093717, 43.42189497063356, 41.92503607588736, 39.24426800013201, 41.29224614317672, 39.9410915032304, 41.34510274349181, 40.297303859237125, 37.66334560353137, 40.23231538280798, 43.25581023953822, 45.2125645052101, 41.68183703113038, 42.935611529398294, 40.73048738232783, 42.99783613429213, 41.664967051655424, 41.2966841138489, 40.980929085618016, 39.32845450127522, 39.848072406825814, 40.46621651079833, 41.89409712415999, 38.4937434352764, 40.75573160880179, 39.049600229135024, 39.82554264806244, 37.03967836812301, 42.12928203657588, 40.88585627303984, 40.43172706667624, 40.43059645230162, 40.73334932434967, 38.5325773005841, 43.51616084629804, 41.2568709394608, 43.1713529664594, 44.423624989966996, 44.570037388439594]}