{"best_fitness_per_gen": [24.716555317386703, 30.278795787823842, 43.04636532823706, 35.334053779302245, 39.17728976012533, 48.75042614436213, 38.5244909133752, 43.422400795949684, 46.071187756656656, 43.11495183762132, 47.98949263892581, 56.86078854066485, 52.3638876100718, 58.235581309676874, 60.9911348321294, 42.01687761280224, 44.615130384602246, 44.85696971898227, 49.48504195218098, 49.35603201548126, 44.89491585265655, 50.37769220886929, 52.955883771855994, 55.787450423818036, 50.41317725376512, 50.50882648727044, 50.52262817296399, 56.02809631927799, 57.17695915134834, 55.884087600574524, 55.793742101472475, 55.9137632330077, 56.00573190193377, 55.91882979311316, 54.783964487326614, 55.879360160771164, 55.890501373411496, 55.82852211307939, 61.12241345260467, 55.917435954186686, 55.96845289048807, 55.92134468142246, 61.146212295593905, 55.905159331214364, 56.02704767706389, 61.152741289672534, 61.03813646945688, 55.92032430868741, 61.125749891586416, 55.99755585153468, 58.58638768746411, 64.3332020724329, 56.02451241853787, 61.172128932497664, 55.909349780036365, 59.726917119110894, 55.99260061535972, 61.21505251384025, 61.1197159073798, 55.99916768421065, 58.58664318128751, 58.65530522116538, 56.03007945378624, 65.90037666742805, 65.91992783961986, 65.95077784149264, 65.98744115059053, 61.19570382393059, 61.095439031109684, 61.21627647503839], "mean_fitness_per_gen": [-3.952086653107885, -2.256980761810921, -0.5026459449949686, 1.9507555182879903, 5.405140832159723, 6.243478283336151, 8.16822799078388, 12.832358570747497, 13.432244141069354, 15.751104231114114, 18.338016041556518, 18.101183999766793, 19.062605989605537, 17.781437423070237, 20.027609462319607, 18.650663241617526, 20.922535195914033, 21.760807819284878, 26.862558599900446, 26.124117188353253, 30.618766626207005, 31.705016774769156, 35.53926887337215, 32.54004728746874, 32.994464403795035, 32.23662097397771, 33.1305512728373, 32.87037433783627, 34.973356434582435, 34.04029682269001, 34.78875274134471, 31.036593787571448, 35.69047671286523, 33.48877149584995, 32.557584150346976, 36.08353104632565, 30.35325341302059, 33.05629607274887, 34.40612472269146, 34.79126534771106, 35.31267777804815, 32.82437983351238, 35.13131122153907, 35.357594514647744, 33.83320656646784, 32.567977713403984, 32.916989297047024, 29.858574396627475, 32.18940003752603, 33.78576841939052, 33.57210289198746, 37.02744999838322, 31.977501934824353, 33.35234900687994, 34.62632922169903, 33.67049846930201, 32.64718117853146, 35.460629314266455, 33.57674227565877, 34.93387085918796, 30.871158240092782, 35.79079234035993, 32.86596542098291, 33.526103507796186, 33.98018615709933, 35.4277585920522, 34.35744563702439, 33.19865842586399, 38.87063913685068, 33.5277004574173]}