{"best_fitness_per_gen": [35.03315618211688, 26.0828759678106, 27.12527506114623, 21.03285358369549, 31.7096830634704, 36.80962932617173, 43.66203056190527, 38.254051185314026, 51.34416656784485, 45.706838706426254, 39.782052833486716, 59.964304284484854, 52.694405126927705, 55.9854016243183, 72.24838722979149, 58.88005519627448, 61.87599456972998, 46.65328121033388, 72.0250463987717, 57.02879192294168, 58.36183234515917, 57.37255553246851, 52.25620831320688, 60.715709732638786, 60.10239082007067, 62.7280053989534, 55.91661118971259, 61.26781286519875, 58.42616439307723, 57.00141911385733, 50.4593383221671, 64.17360269476025, 53.47806173218777, 54.332848704501615, 48.305812753597465, 52.26904932446738, 47.948499636890624, 56.11504676613926, 52.266375551372825, 55.172639146381336, 55.368158849208115, 48.60311336131866, 48.89714519563461, 52.42197621077918, 56.09656792725803, 64.54671651374457, 48.3780222189548, 53.672515810137526, 56.387194090717934, 68.10010574082432, 72.97187813751287, 60.73383996314493, 64.29827082706642, 55.397803122248405, 73.18083359765167, 64.2656429295683, 72.62888696649507, 78.23955808002776, 72.4774058179985, 64.37554415750938, 64.50656453574904, 65.17868504641248, 72.9141866145076, 64.17688568727611, 68.0840569099487, 84.05171324966504, 69.92278291132105, 64.70265052003418, 78.61115966338608, 65.01817880393335], "mean_fitness_per_gen": [-3.957084345634107, -1.7175848672053364, -0.22297969131161394, -0.4264882072952346, 3.486013235361518, 5.883847727768728, 6.957057486300247, 6.273274298939149, 9.694229527325016, 9.95236824629629, 13.366493215610049, 17.018936668450717, 14.093670272717839, 16.228912048483565, 18.541307155130454, 23.005376454283557, 20.80036892221222, 20.847147867069925, 20.58305694081727, 21.30381803547461, 23.82301877137534, 27.212976183471934, 24.76559594523691, 24.43548333865429, 27.6328927782101, 28.82467641685689, 31.23149397274946, 29.628214850212753, 28.947248687330333, 27.984704791263667, 29.5632829909441, 29.564071449953722, 29.242577188402265, 29.499958713292393, 28.890612030979717, 30.232721605089488, 33.01612146091103, 31.488316169287227, 31.98977040862256, 31.422873154645398, 32.19566083950811, 29.459400982790168, 31.244119307655016, 29.6572017390059, 32.6156329939133, 33.361485433901315, 30.071848308011717, 31.713336693651346, 31.376705502004643, 33.03121916701516, 28.084217989614814, 29.884330392518212, 32.62028516981118, 31.09320937069037, 33.291997459379324, 31.602067335894457, 34.213091232247415, 31.284877614260417, 28.831198557047024, 31.91111098170451, 31.996411710326107, 30.10944458291013, 35.84604152178631, 29.885734677708264, 30.7041926804282, 36.83975803669487, 35.56094197091148, 33.5719932259649, 32.35339871260562, 34.539061552781725]}