{"best_fitness_per_gen": [36.1330238398682, 52.277132754014346, 40.24438530790417, 52.68787132384445, 42.68733142299416, 44.62086895192318, 43.448156545627434, 42.86724938871953, 49.06289232229097, 42.59235804756436, 42.624642127214585, 42.80033793797452, 43.45079867078202, 48.59416760096255, 48.71762843137202, 43.406503624357036, 43.416075271291874, 49.05436468403849, 48.575777219032595, 55.35099222366556, 61.22992686352272, 54.34439433506795, 48.92603084961925, 46.962646245198144, 55.74377339311955, 52.303144676389905, 55.812500150464345, 61.045981163052886, 49.2472546727877, 48.484787568379005, 55.656891752852744, 50.4798845980764, 55.466139179367076, 54.47535040764265, 65.65307740811983, 55.802130593470814, 55.74092441944707, 61.158340765419105, 68.4960111410927, 50.104339268753705, 61.30783617370696, 60.90436887245882, 52.276282375191386, 51.332670281135336, 52.311383606435236, 47.118697888289375, 52.26270586458027, 52.103993104707826, 47.092476453717595, 43.6349558821241, 43.5195955955386, 43.53347781054484, 48.075924655456696, 52.23553711646551, 49.18927418900313, 52.5548517870064, 55.12378821255804, 55.06687009179605, 49.553333446745654, 55.54126879733849, 49.37514304194511, 57.83233228974934, 54.741856829404185, 55.297338871952306, 55.16002734500973, 55.64095867622737, 49.335472463801466, 54.74534406142535, 49.514435483323396, 49.566403804594756], "mean_fitness_per_gen": [-2.509183279815843, 3.5105389236095745, 7.583252224574909, 15.653459404061485, 15.812968425899522, 20.384076411869238, 22.338526955642898, 22.145652625657075, 24.530933403427287, 26.493025060214723, 27.943667266356037, 32.26775083085792, 33.196489222995886, 37.19230297518313, 34.628249221496596, 34.196673580159015, 36.38694710054505, 36.313395013138695, 34.283499229842334, 34.688126279990016, 32.62943523546747, 32.273192789773454, 32.51011890026907, 34.05798433951407, 35.849807331400946, 30.60037120047672, 30.35056901642007, 30.04987627626398, 34.564236033456964, 34.324055575089176, 33.8823213361957, 33.011199117393346, 35.43919556805959, 33.24590255366543, 36.40932039595102, 34.32354624403496, 34.60446865975399, 37.61773456626384, 33.45856642943138, 35.54379786415155, 34.92223625850771, 36.00770517292601, 35.12528031291695, 33.122957834808055, 35.74210948843728, 36.293408108363366, 35.945484509078256, 34.220228058703654, 36.83414855764665, 31.85207727141061, 32.10642128379845, 32.28723395316498, 32.045013485791074, 33.226391725429764, 33.73970656083522, 34.67453443290817, 33.33634480592979, 31.497589584234415, 30.969480480935328, 34.46685732599322, 34.40242405468929, 33.70442569129556, 33.847440501407256, 35.589319641366224, 34.119640195246774, 32.36699019167458, 35.3981589351445, 34.19129022657866, 32.895810343163596, 33.689575309773176]}