{"best_fitness_per_gen": [16.806549647753997, 26.486184907473124, 34.72482747454943, 36.78667113746502, 36.21351894935431, 52.48941013339504, 49.1904042497977, 42.58368855196805, 67.36249844916352, 43.26290955226216, 42.60165924453803, 42.78045521267982, 42.83753223819255, 43.0254750986028, 42.81289463801048, 42.60042167380304, 48.76660573104005, 48.78131798218144, 43.39715750918012, 48.737086700645676, 55.29655592075862, 62.2835932253019, 50.32759997510074, 80.1660194740631, 50.33288845693146, 55.307815587554686, 60.92604993393816, 73.96654065501077, 74.21095812037659, 58.817898606486075, 74.5220228551462, 70.17361107793329, 79.78788369896725, 68.02723029271921, 61.85263450895768, 79.38792095401729, 89.87778227940748, 64.64144385360395, 79.84162567562318, 67.977727275652, 80.6308841885576, 89.7590191168014, 90.22409489307391, 91.34358129885199, 90.58296237523042, 80.18958046755553, 91.20219722035394, 74.23335354322195, 89.84693525010005, 89.97426174532761, 79.80651756716534, 79.89472686505684, 79.26269174560865, 68.08658298981707, 88.92152254402536, 78.77433297083249, 87.35721706459029, 79.74054462425292, 79.73458678173112, 90.64084750746031, 80.83784600342273, 75.17686588318541, 90.75144647541087, 66.10823295351663, 87.44488656638015, 89.91410469898175, 80.1959663511502, 74.76729915517906, 74.77030382091593, 91.24118563712787], "mean_fitness_per_gen": [-4.516514437676332, -0.9986105996092174, 6.287159541334338, 7.077337101982753, 12.458823665724385, 14.553487928090028, 19.63370402334311, 19.789687965302125, 24.81113417684641, 25.670107958053027, 28.89326654947653, 35.0647320306652, 39.457884348362875, 38.24770830448493, 37.74608894630018, 39.221990055683044, 39.49292689603005, 38.11515212169193, 37.351432575153986, 35.614090558331206, 35.901658910441896, 34.89458499289884, 30.310221396022047, 35.43504286316356, 33.09723903994042, 34.69022997315819, 31.34944863263415, 37.09537019543377, 35.604515869940045, 31.821643406599282, 34.26972837214273, 33.47836981551165, 33.8842761975045, 34.464479432545716, 37.00196401931947, 36.7052611549693, 37.69371964869705, 33.4234977888876, 36.845137666399154, 38.413336462389296, 38.490124813749574, 36.16698868664281, 35.13874150803467, 37.21099971572276, 37.013842780993144, 37.637027536509734, 36.17083609518567, 36.06960722403238, 36.42529441725408, 34.70627504127664, 36.681402203395066, 36.83077010517781, 34.372957704270554, 37.79887371565669, 35.67769817023864, 35.445627028505974, 35.85567391553868, 38.12345958414617, 34.69808301998423, 35.921590272371006, 39.2339387659371, 37.76070563011249, 35.7221374597491, 38.03011833446085, 39.42777093991848, 34.90269660713324, 36.91274844961928, 38.28290382940249, 34.940010282247776, 38.08191199096121]}