{"best_fitness_per_gen": [7.306136503933077, 26.200281205139973, 34.771657313622896, 33.0830955538231, 37.552118536954886, 48.18649486177571, 50.278421996068275, 42.13907321005429, 42.20232626148962, 48.69346436044049, 50.39329891605959, 60.79263527457613, 54.41833024725273, 58.47777237013393, 52.42365410857001, 58.17714847457148, 61.19924345526361, 55.779348785581405, 64.14326598733903, 51.499355527050945, 61.127990068683935, 49.34974831269475, 59.917352852090296, 64.45622621924673, 58.76095828953632, 64.29876932545582, 58.3644519083486, 61.33088084706537, 64.35786142544221, 60.30758886310352, 85.43216324654222, 72.71432824341719, 69.87677284086061, 79.16424752636796, 66.07329431247886, 69.93829857287284, 69.86946078307307, 66.71898599216995, 66.29736617184159, 74.71449051073203, 72.36224751441272, 65.94330731118846, 68.0322999521566, 64.36877680887763, 69.81638244316005, 78.70063075862164, 84.2804800280712, 78.65430924764817, 78.7113884621022, 74.8441591120411, 72.82847086547608, 66.82955127469656, 67.78209292488718, 77.74484075739323, 78.68105992298457, 73.53993099246954, 69.6362572528228, 72.60326960540502, 78.43183244411686, 72.85794308186075, 64.490685940578, 64.3674556994974, 66.54100499053321, 75.10959661268534, 67.97647436796844, 66.31344052226086, 85.67157492522944, 73.13663842809711, 65.99933631363203, 67.45143383203634], "mean_fitness_per_gen": [-5.159624916898983, -1.165661842185129, 1.0720702145450258, 4.958260577630143, 7.870059071129632, 6.65823340852795, 8.395019595360964, 10.521077279466024, 10.401374423691715, 14.249582940778762, 14.398119029754152, 18.47274007369391, 20.49131862265294, 19.206845716534225, 21.369340024677904, 18.170555463843698, 19.99059451049748, 21.384812172636707, 24.983493673952964, 23.842122875968453, 25.169716352347773, 24.70810119547713, 30.046772071083232, 29.81122013526647, 32.548714538427255, 33.223059336018345, 33.04592411699389, 34.669519514717784, 29.750102428996808, 30.282466994330825, 30.92688958727571, 32.78097500634426, 34.57875135378667, 33.70260194255301, 32.47730670063813, 34.754700691273285, 31.473764421160727, 33.34149725962333, 34.19761062541927, 38.19204751113182, 35.61759056889234, 34.21524600756213, 35.898677680063045, 36.05247702105986, 37.06154140171508, 40.2465868099238, 35.13504027122713, 37.01854143547555, 35.5241392025187, 35.36563216629785, 36.48930115017793, 34.3462291454098, 36.625710830935624, 34.97242976227233, 37.178017046899704, 34.3398542842612, 32.136442588890866, 33.768729797889044, 33.14433707054231, 35.566059325908235, 33.14885432426553, 33.99759698108597, 33.55418234439874, 35.21897955311352, 33.29783937864403, 32.532296964498734, 34.369411832245966, 35.619225480337946, 33.27099205101264, 33.67479136128664]}