{"best_fitness_per_gen": [24.152718188224465, 29.725089231680943, 25.977941996579897, 41.60994642816213, 38.659535416875244, 38.7034492696893, 40.45782145347536, 44.73136271992995, 44.769419589222665, 47.02306562534475, 47.20948920748417, 46.87819481145751, 44.61236084498684, 44.56424603716788, 61.065235961367335, 46.81022619979197, 44.80201815238435, 46.961004457486865, 44.79329603934913, 45.560659523464636, 46.60141232978481, 46.65478369363488, 46.60443008231327, 61.10017585495482, 58.75357244400746, 65.90449903775601, 55.813668665014234, 61.07843996536583, 52.32188955366804, 65.8642657514177, 52.285759759182184, 48.69923800337098, 66.02141867512103, 66.00695266186298, 69.8643619178975, 65.98546338419587, 50.349074109058776, 58.51569730812864, 61.080893266892495, 61.20729700020786, 61.10838963180229, 50.39929240945325, 57.17760746292513, 65.87506320796346, 52.279132983653895, 64.32597686817314, 55.81511590515595, 65.80431017321979, 55.86453522059294, 66.12376861280538, 54.96941025435365, 66.54764841754134, 54.74096187594011, 69.8571796209712, 55.811652204048386, 55.892709294336115, 53.81480048124851, 61.230268307979486, 61.049847206721296, 61.10110317267725, 55.7787952143556, 48.239253988498135, 58.63350505847956, 61.15976994223264, 49.684635245726454, 69.79833545690009, 69.8117034098453, 69.8388255755921, 48.940705070634664, 69.81274317721169], "mean_fitness_per_gen": [-4.267479828594846, -0.4251233633158673, 2.1124661705971786, 5.552760638234377, 8.281091483663836, 9.58620196522796, 12.549783995082954, 15.991903330630397, 16.79851156563603, 19.427731711023597, 15.8481609983832, 19.59543629455674, 20.97857869203462, 21.302703889237137, 21.401562035054567, 24.59514071693509, 24.534873723217434, 26.364195599756727, 25.40755059956704, 26.040735113932065, 26.74371850596742, 30.05915493262588, 28.93896634085952, 32.019060340905, 28.193843792693002, 31.880675959100262, 33.19224823565155, 32.69847476471158, 31.97780830547041, 33.13221600031562, 27.806956940532487, 29.941932088044396, 30.724220791713957, 30.589883652068842, 29.570034573170656, 34.17502727062261, 30.863583229902257, 30.33943568239132, 29.255729430615578, 30.548992066295856, 32.12698685859897, 27.354684825546872, 32.477663726507814, 28.493099040730854, 32.05103895141805, 32.47225486721336, 30.88988820667435, 31.876341135643514, 30.923121993173687, 33.583371311448985, 29.79236387530734, 29.139564430687013, 29.112580494991658, 29.579416289291256, 30.767352053070944, 28.481328812701435, 30.027358012463836, 30.264342183045297, 31.410718744888786, 31.451073203881894, 30.277935550731677, 31.578226629804167, 31.691987128456454, 29.349242437540347, 32.093306639579374, 32.35322690392316, 30.039878892629982, 31.463593472202923, 28.240925058695666, 34.82009027350708]}