{"best_fitness_per_gen": [29.944532559338477, 19.581646731137635, 43.474171817378945, 42.54261179072204, 36.24695960526758, 42.549534704416644, 42.79659529504734, 42.728114097405616, 42.58575587155937, 42.58575587155937, 42.58575587155937, 42.87454587314094, 42.71742923153267, 42.70849350871369, 42.74395554626949, 42.715244546355365, 42.73026911500415, 42.719391603726194, 42.73434619968235, 47.4234186469576, 50.44629797116494, 43.037654468479474, 46.88021075610591, 42.75389699452721, 42.744103889425034, 44.212222256418315, 49.33394631627078, 42.76729600898548, 47.164683385740375, 45.394185201164206, 43.36066327974032, 42.75581070642559, 43.004544229922814, 43.053859435919954, 42.733526582933024, 48.607551493563314, 48.743468632162475, 42.7414377803848, 48.685882871989755, 48.475559821504135, 42.73925345580342, 42.74230637272339, 42.73571093354744, 42.737076120300316, 42.74038722852477, 42.73571093354744, 43.0282096960499, 42.890570091991705, 42.73571093354744, 42.732491827067186, 42.74122652315443, 42.73571093354744, 42.7414377803848, 43.13702640291011, 42.74709818092672, 43.19506210562582, 43.16682795878509, 43.179402773840444, 43.18724279407719, 43.18287070254377, 43.16718907367091, 43.18760576062543, 43.18400822207165, 43.196611019255435, 43.17496748064727, 43.292946172142884, 43.292946172142884, 43.19181949292409, 43.364232669392464, 43.18339360690013], "mean_fitness_per_gen": [-3.3752581596584155, 1.2123812185286775, 6.589275072761093, 9.967135854460377, 13.529444807981818, 16.57335841731463, 21.077167163317498, 23.384139483732728, 25.627685502372902, 31.059894525591567, 31.925535278542316, 35.95024826273877, 36.479354047204154, 37.61579709445624, 36.27053409256063, 36.51334144697363, 36.43506794813592, 36.60801903167038, 37.60162393804785, 35.55969589004216, 32.46684664029753, 34.776312134650624, 32.64834656286331, 33.4150895813677, 37.05651580676598, 36.661303234299936, 35.30673813600438, 37.5692928018471, 35.72252408722263, 34.26602061762825, 33.93201582519897, 32.07024590353203, 37.96283091506806, 34.10735625909528, 34.879633457220656, 36.022038250168585, 36.777633745272205, 37.06665721310511, 34.61732999286127, 36.9903622849038, 36.300114010025005, 38.62085906789479, 39.93726616418101, 39.457962388482294, 37.262987788965795, 39.06042849725864, 39.78434700093433, 38.1360014419792, 36.74457051604605, 37.82494777745072, 39.88515790309261, 38.55601557331756, 40.538379406180546, 37.458237153522276, 39.90512489896987, 39.949559812261796, 38.51732610980815, 39.01896099303917, 38.29091097377716, 37.465944983044885, 36.4303234498369, 39.063528825118894, 38.85668664877578, 37.7461808204181, 36.414278917875436, 38.158600540482176, 36.62582402960458, 38.82722557163333, 36.567089162951135, 37.79171193664578]}