{"best_fitness_per_gen": [21.58458102526783, 32.90860742160583, 21.671475090471404, 33.348407880407606, 27.246074156877317, 30.270635034647167, 34.81239131307825, 42.580247713789355, 44.63835544295263, 55.84499220241318, 37.258654007896254, 44.579740174856624, 50.19971726323141, 44.56098604719931, 50.33245896666402, 55.72505256619697, 57.312318430035575, 61.14299844365573, 61.18629311389221, 65.89283761203441, 50.36734377617857, 61.09514900143247, 61.11461310993997, 60.93145174879282, 65.89237302446624, 61.151022255650794, 69.82353119417473, 61.162330399457765, 65.90366161501333, 65.9430215804612, 57.69775242724092, 55.86854751190998, 65.90936465996224, 65.95881885245214, 55.703298374576626, 61.18108319597126, 65.94364040951932, 61.19936132600592, 65.78118253182292, 66.02034154658223, 60.95669235905267, 55.68958473891796, 61.16551137321644, 61.02962565945495, 61.11232063624057, 61.08793003922538, 66.02281871498589, 61.05761963858046, 61.067252214066244, 69.82840411288653, 65.87460663052649, 65.94397021416927, 65.84111217002051, 65.87322303479854, 61.16633503709972, 61.09664068206199, 55.87215124156736, 61.054158737144206, 65.97924859770151, 61.10904798605096, 69.8034637861162, 66.00543366721291, 69.89098353942784, 65.83541437385658, 69.82701716320848, 66.6359169140168, 66.2679876480332, 66.67744443492866, 61.01268096510265, 65.93574157262401], "mean_fitness_per_gen": [-4.699899690707204, -1.1291659130403024, 2.116208358783424, 5.2360716443671445, 4.626202815643662, 5.729628219273208, 10.690007752704927, 11.505678920810666, 11.363283371374036, 12.923594757253445, 15.036582085608957, 20.653854987796937, 22.317172257484923, 23.341221842277335, 26.28331644342703, 25.785361220371307, 23.815526474441825, 27.82418131994112, 28.58832687534884, 31.303412060193697, 29.957587299076, 32.796966516500206, 35.05771737466678, 34.26772880109927, 32.74307134393826, 35.31133492043604, 36.04161281797746, 33.08366917345622, 33.570452497149724, 36.267773779663415, 33.53433001953808, 36.26827895051001, 33.08692017067123, 34.01749730987276, 35.50000384802281, 33.63587241492023, 37.79471110194807, 34.85526538826718, 35.29282656364744, 32.201534526746116, 33.5337007254635, 32.69779398974831, 33.02700475750466, 34.38235120078326, 35.35634698928757, 33.59906189601709, 34.3948368774743, 33.89948170071041, 33.25460950987717, 33.136194410710345, 35.25299474202564, 37.75119255617855, 33.71700443205055, 34.9989751893934, 35.12675482701493, 36.96137148774554, 38.259513817766326, 38.10542762797672, 38.53920082901763, 38.51256169668098, 35.55901391683872, 36.731638806879175, 37.26599909803595, 36.2877865099569, 36.47440849830909, 34.818937805935235, 32.6900018120113, 34.3238766002195, 32.10302300014503, 33.05108544257366]}