{"best_fitness_per_gen": [38.7750923400404, 31.42309553678514, 44.5428355552675, 50.469180973156064, 44.38606482205515, 55.92782751545684, 51.12017859521641, 60.57548392266251, 64.2218049843569, 69.66634178258367, 72.66708579550058, 74.5734685663698, 66.91458823149807, 58.483495996701, 65.76810448458906, 72.27943098940807, 78.51942907631104, 74.22243579407177, 74.26510395371689, 64.18431074606747, 72.46050698183898, 74.92361473998415, 69.63289187702023, 69.4540131216583, 72.54863110847057, 74.86962507162782, 72.48701099999765, 72.48732803291135, 72.60601995696445, 72.69677127691577, 72.75474815245788, 69.5009718040986, 72.66634926145085, 65.59833640079987, 72.88523423708146, 65.58271442144232, 63.936267147009865, 78.89719206157089, 69.58324743897452, 61.00522193280493, 72.22540853651961, 78.07700818528933, 72.7257827662083, 72.33014981543913, 72.33263849731658, 78.49891343131473, 79.23835746369969, 69.48382904998353, 78.60939561729153, 74.40918686506723, 72.70436574657539, 74.3417770462672, 60.91207065054267, 72.50397158588333, 73.11674746761351, 74.34580950472655, 78.562569354307, 74.75052314743381, 72.6414430424642, 72.71724210638067, 72.98903754278918, 69.55096980354128, 79.09649085281073, 69.65321395310838, 78.35645257712444, 72.64570415543618, 72.67833780762895, 78.29041359356478, 71.79231135199159, 78.49826670585632], "mean_fitness_per_gen": [-3.070260437465614, 0.08610189901145651, 5.342708907122691, 7.505835566448372, 9.413617669591146, 15.455338647086128, 21.266129186193822, 23.689443247106137, 23.22496080488125, 25.663582334397187, 28.271939285057705, 28.029069696764783, 27.38972530337932, 27.62323434271153, 30.971710590494094, 34.13164895587367, 33.30150424975949, 35.425044629853375, 33.53473646902644, 32.92333894448764, 35.684339692766535, 36.52375392709987, 35.73292223478064, 34.03934924428621, 33.03690177639773, 34.220995153768826, 32.63297381825498, 34.38013433318318, 35.03751264712801, 34.23814657218401, 37.18023574154687, 33.53613689980667, 32.928024530270356, 33.116540046934205, 33.88995753704476, 34.15119816848003, 33.44142054856235, 33.57984127854358, 29.356413542782885, 30.420511707330498, 32.429482233100764, 34.12458728883958, 33.15795239890454, 30.876134628643648, 31.628135550079534, 31.62484384221808, 34.20947724092754, 35.02479940930785, 34.871110602680616, 33.82123828465291, 35.126113596605045, 35.32475743658403, 27.854540976286856, 30.98126591410042, 32.96338289024161, 34.20068421722209, 34.44874491719672, 33.848305972233426, 36.06226926223923, 33.70543467216571, 35.80607377187581, 35.44879191548922, 34.62820587479987, 32.667929657570774, 34.79557570736379, 37.351845461713665, 39.115376885486256, 36.91457880141331, 36.690222578810115, 37.96691105721373]}