{"best_fitness_per_gen": [36.050672815065674, 36.17551152973034, 48.49319204543716, 38.83053784312853, 47.98471100657043, 42.51270162588425, 42.60468107421286, 43.14218623121772, 42.891832930998746, 43.11518432106981, 43.206779771026035, 42.95232547831502, 43.270528366571014, 43.323640440052046, 43.217820694808154, 42.94978957106021, 43.19578537040097, 55.01511765098124, 54.14391830863046, 56.97927053931396, 60.97590827990771, 56.064513880753815, 43.21138322174857, 67.7929155855678, 55.81856730821109, 44.41481268044473, 64.07230149332736, 64.04406712875911, 61.73931946269507, 64.38574812668286, 50.35384275386011, 43.15375287405176, 46.759058328700974, 54.837553531388664, 61.17434493413495, 61.51434733841242, 60.92223184484456, 50.17632954180104, 61.25445932638059, 58.82433136971821, 52.86374257365701, 55.89440962154667, 65.75076858529498, 52.59894804914168, 43.38641510947059, 61.55498188492211, 55.49355884092109, 50.8409911497625, 52.11795888763672, 61.54368105132376, 50.077295802687985, 55.397373825306545, 61.14441846790061, 52.28480758149078, 61.19284145044803, 48.043627781496795, 43.450862053351045, 43.51090744354913, 51.04691192290768, 56.07657367956721, 49.733610281942354, 64.76152097131809, 58.94609330043384, 61.70351153216194, 79.80037165012443, 68.39839948739257, 91.3035304122299, 55.62632936356104, 52.830401518696114, 90.23462551016188], "mean_fitness_per_gen": [-4.4162352789308645, 0.03982099105285141, 4.431224201441015, 8.160556843446665, 11.52274395807921, 14.603073592116411, 16.848164018296657, 27.06163095999998, 30.086832673817682, 32.17300867236106, 29.70030645271499, 34.440747667048775, 36.60798877235057, 36.05956940333497, 36.707656179857466, 35.32457497050063, 35.97081232402498, 35.155971810789936, 34.81890289490445, 33.52763687576918, 34.99831917129365, 35.9546373239312, 33.5605964511583, 35.22671305600028, 36.23795614064538, 35.7038766809111, 34.67218214991659, 33.00101897919951, 33.09529477682108, 35.63062507412287, 33.74884048112684, 33.924460971693904, 34.291252594747036, 35.34311691898233, 35.06005200662303, 35.53506912407362, 36.10246485750481, 33.47180914248712, 36.152723266417986, 35.061821801940056, 36.58683490508448, 33.79521683806865, 34.84834528417763, 36.31272196059114, 32.58817802258048, 34.86101740330301, 35.6514119965747, 34.2965723194127, 36.11346147722502, 36.343436296883674, 35.97662615457981, 36.67534010863154, 34.973409753553035, 34.08754963135273, 36.060788294066846, 33.03850807190579, 34.80934276084759, 37.790248319024705, 36.07556305833472, 34.876411966009954, 35.093242084436795, 32.346583555642376, 33.23044903408193, 35.6255044187141, 37.517508683304165, 34.782391214117425, 34.78444204744242, 35.20652972859475, 35.45620382383641, 36.23265548657566]}