{"best_fitness_per_gen": [19.569612791599184, 38.750905196031255, 24.27873593811929, 43.076650090666945, 45.98512118384206, 47.27276329752944, 44.74570709073987, 39.01088636171676, 44.9012737406124, 46.57031136662602, 45.51803955098896, 48.16043305608589, 66.01158471538429, 69.70512445056382, 64.3414192476863, 65.86999354013658, 55.90328185382982, 60.39900707248316, 64.30943256258833, 50.298431171934574, 61.159282832786765, 50.164202698563315, 60.351507701939454, 50.339702130812576, 65.83374216546568, 55.89296319271952, 48.35175638565018, 55.74371706310356, 52.53022478721679, 52.80543638764098, 48.396365998232866, 61.05873721040416, 64.33041045342748, 65.92346932510442, 72.30506927026288, 66.40004346917087, 58.444734210986596, 66.02707633762563, 69.55210271428527, 52.30102465131342, 60.29332349643779, 72.14257662917271, 60.32199465727557, 66.66820117009468, 60.48324102303691, 72.39076829432739, 64.34224504057363, 64.33981891785626, 50.31055638056985, 66.39137248704549, 64.23783362795317, 72.05638090943489, 64.05615056239904, 72.2054841576942, 72.21496161492469, 64.33160827265928, 66.64493106167764, 66.12546403576611, 64.28142461613609, 64.3361686481767, 66.487759826698, 69.62331878590625, 61.15623939548628, 66.35902864271435, 69.87256838279924, 60.050764643300354, 69.86204044438524, 66.35891347019452, 64.10854160081051, 61.10081749321557], "mean_fitness_per_gen": [-4.047690181986534, -0.5307467968817642, 2.5427756347845385, 3.6085967063287865, 6.805942563203927, 8.683256393227584, 11.199520612698254, 13.523529988004888, 15.173057162548893, 16.774928847430093, 20.620215349770678, 18.525647713187546, 24.702282872097367, 28.3296576370672, 29.258538445907305, 29.84056931174972, 33.117432954850045, 27.3461589701168, 31.116051192379217, 31.5155094916305, 32.092636397921645, 32.977421885025166, 34.52811227444734, 32.397386755282994, 31.29334488005459, 34.48015821040009, 35.629406386472, 33.06871879873417, 35.31803862265715, 34.44401962426632, 32.79970262695818, 32.86230718510728, 35.17082242515164, 31.525735294187847, 35.49042250810941, 34.40131682274727, 32.857727952655445, 31.95158526665247, 35.29049706239442, 33.93867724101715, 34.793255707808704, 33.467826847874974, 30.829152638043276, 31.578821586249596, 31.653331428683554, 31.733854414094694, 33.410204618857996, 34.0966258630886, 31.65504155479025, 34.46437652863652, 34.94515685109542, 36.3213857952336, 33.546814785920745, 35.83232970526852, 34.62132317486682, 30.75267585574513, 32.91827511535119, 34.4106605376085, 32.053610207869, 35.90171125901672, 34.639701182096424, 32.606528070512866, 33.58357479587323, 31.490565087801254, 32.70395905277333, 31.765184314805, 32.691626424301546, 33.38057703797483, 34.89574212456336, 32.01643178406579]}