{"best_fitness_per_gen": [33.11115559670215, 44.59694382245934, 42.67112065228811, 43.27346067670145, 47.20143033519613, 56.26420775683764, 55.019083545492286, 57.08200862595542, 69.88375686671039, 57.07435420030293, 67.53115464031649, 58.31465166981863, 64.53565368567986, 74.96674153379482, 90.86433351679946, 73.19702517405887, 87.95770212314353, 69.95938537443652, 67.84720811697328, 80.11107623045405, 64.41859809147998, 79.85677161439439, 79.08814005418499, 73.0787315079242, 87.22425467829103, 73.36559705825981, 88.30913618146106, 78.96092524358602, 67.33731848018517, 67.40648620128563, 67.21762941057361, 64.5795074685563, 73.70867043432429, 73.07571538038938, 73.61297739389, 70.09808945816569, 79.67418370535565, 74.88829258063738, 88.46318884383338, 79.94219186622895, 80.0444507399805, 79.2968223331209, 79.91905949231192, 88.1825672119648, 90.66135367535236, 88.21286306606608, 88.13226134599172, 89.49627890431486, 88.83180102481829, 86.80081716226559, 87.42677058477548, 80.06302494414919, 80.37382724545094, 73.9902507891115, 80.27345101734252, 89.21347875055895, 90.50154002698167, 90.81474603641412, 89.44659009386076, 89.43759169165396, 90.73313437624776, 88.86870005140774, 88.6244643045937, 88.29270298059315, 89.89009302703612, 79.29106778383267, 87.91991773297606, 89.44267963158984, 90.32628720911539, 79.68661696431688], "mean_fitness_per_gen": [-2.893141522593491, 5.56464872795719, 11.519619740691645, 14.4653786025963, 18.098289188631533, 22.848041208924773, 24.78168617897974, 27.789086883805616, 28.59057125378324, 30.379197822309806, 30.939483460902235, 30.313150371135585, 31.58230634103309, 31.916034387273356, 34.43715725316249, 32.90463167726311, 33.87528004447749, 36.24834088092091, 33.47207914277329, 37.24001177621399, 35.1489927666957, 35.378478184935204, 39.25022140384428, 36.30334378005855, 35.61226464470623, 36.35543255714756, 39.1816966546478, 39.19648190892019, 36.629564870552585, 40.089495928912285, 36.04506660542136, 38.39148170784482, 40.75347411831377, 40.07394749820506, 41.1494150847228, 39.27927630176068, 39.839275910631194, 36.394083294962826, 42.638818351790896, 40.60848174992996, 40.76232466489756, 42.26272759753906, 42.96371941124116, 40.63824948835085, 38.231476655007, 41.423111870259966, 41.73713740115675, 45.276538126152374, 42.96133287104929, 42.571273903295086, 43.4299671682711, 41.097133643713214, 42.74398695602664, 41.66845118950101, 42.16440272018057, 47.050859573461814, 44.63681559878118, 42.33015899733269, 44.98015749281071, 44.78094730132023, 43.77840891475717, 44.510921903516156, 45.41842120852613, 44.8546573902733, 44.131931421475535, 44.86250903224104, 43.59493107994809, 41.78007298937474, 42.486515473017356, 46.04906169576507]}