{"best_fitness_per_gen": [20.893633141579045, 29.583658110393507, 38.642100892599444, 36.19853898230587, 41.86182174363563, 38.617071379933776, 52.32370927680657, 44.70634879158311, 52.29373665756772, 47.178967758091154, 47.25606100361277, 55.79987134999693, 51.145754851559694, 55.821417051370986, 46.6582873923046, 52.73482453957625, 64.2573856313264, 61.145381754857844, 50.29622333980891, 64.22245385967884, 61.04475365230472, 50.305851728917844, 65.89246723558911, 61.03705919714024, 61.08173630232101, 61.04829185319441, 74.82499150510333, 54.0682982848695, 61.127792345225046, 55.82183949627765, 58.569661836577325, 61.09863129839704, 52.519637613305775, 61.13507253923712, 61.166803047377485, 61.20361860536917, 52.16950509024679, 55.797635563478316, 69.81052478187806, 65.96146054454616, 65.85718994157662, 64.32223971572482, 65.98392305690885, 69.55910933840839, 65.95799027792428, 55.87520790571378, 61.01055307277942, 61.01775812916466, 69.85866037388197, 65.88826970648181, 65.95153108985083, 55.76505081705439, 52.297074900476474, 61.062172890767314, 69.9694229822876, 61.1151724820501, 55.9141018670002, 61.07586531414488, 65.8969812607585, 61.22872718191608, 65.92902991995095, 65.94187088302827, 55.8781927289041, 61.1259151663836, 69.79427172775034, 64.32820895902132, 61.05829317377927, 55.863876912284496, 61.17282089809372, 61.090223322051756], "mean_fitness_per_gen": [-3.843447358072327, 0.4377309461173041, 2.928956373862899, 4.690103065243041, 8.310417791003255, 9.524145809542333, 16.41793389436157, 20.133734593924654, 21.553622017838087, 22.003766848072097, 24.27417349138591, 26.322063745495026, 25.748221541920444, 26.76410872877186, 24.189398597328115, 23.415722407523596, 23.57929824555328, 25.687123340920557, 24.716000488292583, 27.28528924356864, 25.11660974997276, 28.498055455636994, 31.091060580452076, 31.143617649783366, 33.21921211409987, 27.970521161161503, 31.293012540822424, 30.509644027834746, 31.427167391051977, 34.052113132273696, 30.94691395453357, 28.22087555569018, 29.252347876819876, 31.080324365209666, 30.453725064524093, 32.04673611395077, 29.154799980174854, 30.44153254801902, 31.821236646532302, 31.809281981251452, 33.53326642503164, 33.51025319940586, 30.913759806209917, 34.235577742595886, 33.021777491878225, 32.53164730622089, 32.73166138628748, 32.57588558488914, 31.89795013040448, 33.439060164607994, 29.638649953882705, 31.94625361986457, 30.64990921093659, 31.77595222974098, 31.431775477961292, 32.754041301689945, 31.82586324032468, 31.89447288853882, 31.009511506160877, 29.79142560852577, 29.83923482259132, 35.27829585101469, 33.412485620923434, 36.33012577970233, 35.62895025142911, 34.774637800040715, 33.968302401632194, 33.24163674301421, 33.6810086877081, 36.391930229926174]}