{"best_fitness_per_gen": [29.641804577385997, 42.59913452316414, 42.58575587155937, 42.564030254272794, 42.58719103000493, 42.60099607974763, 42.60099607974763, 43.18270200427631, 42.60218613700277, 42.59367006551949, 42.609887791815126, 42.59367006551949, 42.59209288147599, 42.609887791815126, 42.621152806028675, 42.62589071220101, 42.60751134435843, 42.94593663562273, 42.61375361325915, 42.60718843536459, 42.6180085531128, 42.61668584339343, 43.049059585528155, 48.698346757687304, 42.660457081825754, 42.64291862929146, 42.63446423604954, 42.653911265042595, 42.63800589988688, 43.02889326699885, 49.200200884136365, 45.05457334388977, 48.722509384502175, 48.70286191806524, 48.79614840034657, 48.782344830761886, 48.82495643910333, 48.86666369959517, 48.76694993020514, 48.796117372972724, 48.72655094656318, 49.273511047054456, 48.81283683016191, 48.824906364455096, 48.88342299750708, 48.82500462033407, 48.69125147509361, 49.05099811642399, 48.81002903010355, 48.6945416039994, 54.68128389918576, 54.89923845389257, 49.96195257831842, 48.85996894753199, 54.838875875026304, 49.245836261256, 54.783515979011796, 49.14795833911107, 54.78825512645836, 48.85560904850634, 54.76689667147199, 54.68826689302807, 54.716559322560585, 54.79895835602923, 54.83559324899212, 54.7356698887409, 54.82525781245252, 54.88977466788761, 54.891554139707544, 54.78804521408854], "mean_fitness_per_gen": [-5.3879230551347455, -0.17350504710014816, 9.372211356279841, 16.832026963698716, 25.346875110931165, 29.568081757871404, 29.495786173423877, 34.31122536015002, 33.940837166932745, 34.592709933984246, 34.360085154192504, 37.75618827473316, 36.304489145322265, 39.4928541629874, 38.48052055819926, 39.44430145634886, 38.56701223483958, 38.563032831009174, 38.59148186207085, 39.03479171275401, 37.422328390085006, 39.05261940278443, 39.028962782077095, 38.705367371969686, 36.76609252615394, 36.48314927506968, 36.636413773092144, 34.83099652279653, 36.211316985864805, 36.45728422379691, 37.93881203593067, 33.62948115895026, 33.16645545832221, 35.17317672313843, 36.84599595355388, 30.054069537004363, 33.477279747633595, 35.410060925328935, 33.81867148947914, 36.28609392779904, 36.223529432786535, 32.25934487922022, 33.32649316761143, 32.56293261084635, 32.071209666823776, 29.72587682127073, 29.740808612801967, 32.22554291699913, 34.561096194981175, 34.45592904829628, 34.196125413081205, 34.184737051886266, 31.156785327596825, 35.4278870771806, 35.858451321077155, 34.642977252843714, 34.49967171490216, 35.49982014307396, 34.36432852856646, 31.623562925682208, 36.44152647399282, 35.061761460844366, 35.55420569103963, 37.519604291152994, 30.846531706593233, 35.25846377383169, 36.43700243405837, 35.27119031475823, 38.1732267885993, 37.59759140298405]}